_id,segment_id,date,weekday,period,LOS,s_node_id,e_node_id,length,street_id,max_velocity,street_level,street_name,street_type,long_snode,lat_snode,long_enode,lat_enode,LOS_encoded,weekday_0,weekday_1,weekday_2,weekday_3,weekday_4,weekday_5,weekday_6,street_type_bank,street_type_bus_station,street_type_car,street_type_cinema,street_type_clothes,street_type_company,street_type_convenience,street_type_fuel,street_type_government,street_type_house,street_type_marketplace,street_type_motorway,street_type_motorway_link,street_type_pitch,street_type_primary,street_type_primary_link,street_type_residential,street_type_school,street_type_secondary,street_type_secondary_link,street_type_tertiary,street_type_tertiary_link,street_type_trunk,street_type_trunk_link,street_type_unclassified,street_type_university,hour,minute,length_z_score
5123,14522,2020-11-28,5,period_15_30,A,3220146441,366466954,12,32587043,,0,Lê Thị Hà,unclassified,106.5982545,10.8866343,106.5982675,10.8865251,0,0,0,0,0,0,1,0,0,0,0,0,0,0,0,0,0,0,0,0,0,0,0,0,0,0,0,0,0,0,0,0,1,0,15,30,-0.5658930293620121
5124,14522,2020-11-29,6,period_12_30,B,3220146441,366466954,12,32587043,,0,Lê Thị Hà,unclassified,106.5982545,10.8866343,106.5982675,10.8865251,1,0,0,0,0,0,0,1,0,0,0,0,0,0,0,0,0,0,0,0,0,0,0,0,0,0,0,0,0,0,0,0,1,0,12,30,-0.5658930293620121
5125,14522,2020-11-29,6,period_14_00,A,3220146441,366466954,12,32587043,,0,Lê Thị Hà,unclassified,106.5982545,10.8866343,106.5982675,10.8865251,0,0,0,0,0,0,0,1,0,0,0,0,0,0,0,0,0,0,0,0,0,0,0,0,0,0,0,0,0,0,0,0,1,0,14,0,-0.5658930293620121
5126,14522,2020-11-29,6,period_14_30,A,3220146441,366466954,12,32587043,,0,Lê Thị Hà,unclassified,106.5982545,10.8866343,106.5982675,10.8865251,0,0,0,0,0,0,0,1,0,0,0,0,0,0,0,0,0,0,0,0,0,0,0,0,0,0,0,0,0,0,0,0,1,0,14,30,-0.5658930293620121
5127,14522,2020-11-29,6,period_15_00,B,3220146441,366466954,12,32587043,,0,Lê Thị Hà,unclassified,106.5982545,10.8866343,106.5982675,10.8865251,1,0,0,0,0,0,0,1,0,0,0,0,0,0,0,0,0,0,0,0,0,0,0,0,0,0,0,0,0,0,0,0,1,0,15,0,-0.5658930293620121
5128,14522,2020-11-29,6,period_2_00,A,3220146441,366466954,12,32587043,,0,Lê Thị Hà,unclassified,106.5982545,10.8866343,106.5982675,10.8865251,0,0,0,0,0,0,0,1,0,0,0,0,0,0,0,0,0,0,0,0,0,0,0,0,0,0,0,0,0,0,0,0,1,0,2,0,-0.5658930293620121
5129,14522,2020-11-29,6,period_3_30,A,3220146441,366466954,12,32587043,,0,Lê Thị Hà,unclassified,106.5982545,10.8866343,106.5982675,10.8865251,0,0,0,0,0,0,0,1,0,0,0,0,0,0,0,0,0,0,0,0,0,0,0,0,0,0,0,0,0,0,0,0,1,0,3,30,-0.5658930293620121
5130,14522,2020-11-29,6,period_7_00,B,3220146441,366466954,12,32587043,,0,Lê Thị Hà,unclassified,106.5982545,10.8866343,106.5982675,10.8865251,1,0,0,0,0,0,0,1,0,0,0,0,0,0,0,0,0,0,0,0,0,0,0,0,0,0,0,0,0,0,0,0,1,0,7,0,-0.5658930293620121
5131,14522,2020-11-30,0,period_13_30,A,3220146441,366466954,12,32587043,,0,Lê Thị Hà,unclassified,106.5982545,10.8866343,106.5982675,10.8865251,0,1,0,0,0,0,0,0,0,0,0,0,0,0,0,0,0,0,0,0,0,0,0,0,0,0,0,0,0,0,0,0,1,0,13,30,-0.5658930293620121
5132,14522,2020-11-30,0,period_14_00,A,3220146441,366466954,12,32587043,,0,Lê Thị Hà,unclassified,106.5982545,10.8866343,106.5982675,10.8865251,0,1,0,0,0,0,0,0,0,0,0,0,0,0,0,0,0,0,0,0,0,0,0,0,0,0,0,0,0,0,0,0,1,0,14,0,-0.5658930293620121
5133,14522,2020-11-30,0,period_15_00,A,3220146441,366466954,12,32587043,,0,Lê Thị Hà,unclassified,106.5982545,10.8866343,106.5982675,10.8865251,0,1,0,0,0,0,0,0,0,0,0,0,0,0,0,0,0,0,0,0,0,0,0,0,0,0,0,0,0,0,0,0,1,0,15,0,-0.5658930293620121
5134,14522,2020-11-30,0,period_23_00,A,3220146441,366466954,12,32587043,,0,Lê Thị Hà,unclassified,106.5982545,10.8866343,106.5982675,10.8865251,0,1,0,0,0,0,0,0,0,0,0,0,0,0,0,0,0,0,0,0,0,0,0,0,0,0,0,0,0,0,0,0,1,0,23,0,-0.5658930293620121
5135,14522,2020-11-30,0,period_23_30,B,3220146441,366466954,12,32587043,,0,Lê Thị Hà,unclassified,106.5982545,10.8866343,106.5982675,10.8865251,1,1,0,0,0,0,0,0,0,0,0,0,0,0,0,0,0,0,0,0,0,0,0,0,0,0,0,0,0,0,0,0,1,0,23,30,-0.5658930293620121
5136,14522,2020-12-01,1,period_13_30,A,3220146441,366466954,12,32587043,,0,Lê Thị Hà,unclassified,106.5982545,10.8866343,106.5982675,10.8865251,0,0,1,0,0,0,0,0,0,0,0,0,0,0,0,0,0,0,0,0,0,0,0,0,0,0,0,0,0,0,0,0,1,0,13,30,-0.5658930293620121
5137,14522,2020-12-01,1,period_14_00,B,3220146441,366466954,12,32587043,,0,Lê Thị Hà,unclassified,106.5982545,10.8866343,106.5982675,10.8865251,1,0,1,0,0,0,0,0,0,0,0,0,0,0,0,0,0,0,0,0,0,0,0,0,0,0,0,0,0,0,0,0,1,0,14,0,-0.5658930293620121
5138,14522,2020-12-01,1,period_15_00,A,3220146441,366466954,12,32587043,,0,Lê Thị Hà,unclassified,106.5982545,10.8866343,106.5982675,10.8865251,0,0,1,0,0,0,0,0,0,0,0,0,0,0,0,0,0,0,0,0,0,0,0,0,0,0,0,0,0,0,0,0,1,0,15,0,-0.5658930293620121
5139,14522,2020-12-01,1,period_15_30,A,3220146441,366466954,12,32587043,,0,Lê Thị Hà,unclassified,106.5982545,10.8866343,106.5982675,10.8865251,0,0,1,0,0,0,0,0,0,0,0,0,0,0,0,0,0,0,0,0,0,0,0,0,0,0,0,0,0,0,0,0,1,0,15,30,-0.5658930293620121
5140,14522,2020-12-02,2,period_13_30,A,3220146441,366466954,12,32587043,,0,Lê Thị Hà,unclassified,106.5982545,10.8866343,106.5982675,10.8865251,0,0,0,1,0,0,0,0,0,0,0,0,0,0,0,0,0,0,0,0,0,0,0,0,0,0,0,0,0,0,0,0,1,0,13,30,-0.5658930293620121
5141,14522,2020-12-02,2,period_14_00,B,3220146441,366466954,12,32587043,,0,Lê Thị Hà,unclassified,106.5982545,10.8866343,106.5982675,10.8865251,1,0,0,1,0,0,0,0,0,0,0,0,0,0,0,0,0,0,0,0,0,0,0,0,0,0,0,0,0,0,0,0,1,0,14,0,-0.5658930293620121
5142,14522,2020-12-02,2,period_14_30,B,3220146441,366466954,12,32587043,,0,Lê Thị Hà,unclassified,106.5982545,10.8866343,106.5982675,10.8865251,1,0,0,1,0,0,0,0,0,0,0,0,0,0,0,0,0,0,0,0,0,0,0,0,0,0,0,0,0,0,0,0,1,0,14,30,-0.5658930293620121
5143,14522,2020-12-02,2,period_15_30,B,3220146441,366466954,12,32587043,,0,Lê Thị Hà,unclassified,106.5982545,10.8866343,106.5982675,10.8865251,1,0,0,1,0,0,0,0,0,0,0,0,0,0,0,0,0,0,0,0,0,0,0,0,0,0,0,0,0,0,0,0,1,0,15,30,-0.5658930293620121
5144,14522,2020-12-05,5,period_10_00,A,3220146441,366466954,12,32587043,,0,Lê Thị Hà,unclassified,106.5982545,10.8866343,106.5982675,10.8865251,0,0,0,0,0,0,1,0,0,0,0,0,0,0,0,0,0,0,0,0,0,0,0,0,0,0,0,0,0,0,0,0,1,0,10,0,-0.5658930293620121
5145,14522,2020-12-05,5,period_9_30,A,3220146441,366466954,12,32587043,,0,Lê Thị Hà,unclassified,106.5982545,10.8866343,106.5982675,10.8865251,0,0,0,0,0,0,1,0,0,0,0,0,0,0,0,0,0,0,0,0,0,0,0,0,0,0,0,0,0,0,0,0,1,0,9,30,-0.5658930293620121
5146,14522,2020-12-06,6,period_13_00,A,3220146441,366466954,12,32587043,,0,Lê Thị Hà,unclassified,106.5982545,10.8866343,106.5982675,10.8865251,0,0,0,0,0,0,0,1,0,0,0,0,0,0,0,0,0,0,0,0,0,0,0,0,0,0,0,0,0,0,0,0,1,0,13,0,-0.5658930293620121
5147,14522,2020-12-06,6,period_13_30,B,3220146441,366466954,12,32587043,,0,Lê Thị Hà,unclassified,106.5982545,10.8866343,106.5982675,10.8865251,1,0,0,0,0,0,0,1,0,0,0,0,0,0,0,0,0,0,0,0,0,0,0,0,0,0,0,0,0,0,0,0,1,0,13,30,-0.5658930293620121
5148,14522,2020-12-06,6,period_14_30,B,3220146441,366466954,12,32587043,,0,Lê Thị Hà,unclassified,106.5982545,10.8866343,106.5982675,10.8865251,1,0,0,0,0,0,0,1,0,0,0,0,0,0,0,0,0,0,0,0,0,0,0,0,0,0,0,0,0,0,0,0,1,0,14,30,-0.5658930293620121
5149,14522,2020-12-06,6,period_15_00,B,3220146441,366466954,12,32587043,,0,Lê Thị Hà,unclassified,106.5982545,10.8866343,106.5982675,10.8865251,1,0,0,0,0,0,0,1,0,0,0,0,0,0,0,0,0,0,0,0,0,0,0,0,0,0,0,0,0,0,0,0,1,0,15,0,-0.5658930293620121
5150,14522,2020-12-06,6,period_3_00,B,3220146441,366466954,12,32587043,,0,Lê Thị Hà,unclassified,106.5982545,10.8866343,106.5982675,10.8865251,1,0,0,0,0,0,0,1,0,0,0,0,0,0,0,0,0,0,0,0,0,0,0,0,0,0,0,0,0,0,0,0,1,0,3,0,-0.5658930293620121
5151,14522,2020-12-06,6,period_3_30,B,3220146441,366466954,12,32587043,,0,Lê Thị Hà,unclassified,106.5982545,10.8866343,106.5982675,10.8865251,1,0,0,0,0,0,0,1,0,0,0,0,0,0,0,0,0,0,0,0,0,0,0,0,0,0,0,0,0,0,0,0,1,0,3,30,-0.5658930293620121
5152,14522,2020-12-06,6,period_4_00,B,3220146441,366466954,12,32587043,,0,Lê Thị Hà,unclassified,106.5982545,10.8866343,106.5982675,10.8865251,1,0,0,0,0,0,0,1,0,0,0,0,0,0,0,0,0,0,0,0,0,0,0,0,0,0,0,0,0,0,0,0,1,0,4,0,-0.5658930293620121
5153,14522,2020-12-06,6,period_7_00,A,3220146441,366466954,12,32587043,,0,Lê Thị Hà,unclassified,106.5982545,10.8866343,106.5982675,10.8865251,0,0,0,0,0,0,0,1,0,0,0,0,0,0,0,0,0,0,0,0,0,0,0,0,0,0,0,0,0,0,0,0,1,0,7,0,-0.5658930293620121
5154,14522,2020-12-06,6,period_7_30,A,3220146441,366466954,12,32587043,,0,Lê Thị Hà,unclassified,106.5982545,10.8866343,106.5982675,10.8865251,0,0,0,0,0,0,0,1,0,0,0,0,0,0,0,0,0,0,0,0,0,0,0,0,0,0,0,0,0,0,0,0,1,0,7,30,-0.5658930293620121
5155,14522,2020-12-07,0,period_13_30,B,3220146441,366466954,12,32587043,,0,Lê Thị Hà,unclassified,106.5982545,10.8866343,106.5982675,10.8865251,1,1,0,0,0,0,0,0,0,0,0,0,0,0,0,0,0,0,0,0,0,0,0,0,0,0,0,0,0,0,0,0,1,0,13,30,-0.5658930293620121
5156,14522,2020-12-07,0,period_14_00,A,3220146441,366466954,12,32587043,,0,Lê Thị Hà,unclassified,106.5982545,10.8866343,106.5982675,10.8865251,0,1,0,0,0,0,0,0,0,0,0,0,0,0,0,0,0,0,0,0,0,0,0,0,0,0,0,0,0,0,0,0,1,0,14,0,-0.5658930293620121
5157,14522,2020-12-07,0,period_14_30,B,3220146441,366466954,12,32587043,,0,Lê Thị Hà,unclassified,106.5982545,10.8866343,106.5982675,10.8865251,1,1,0,0,0,0,0,0,0,0,0,0,0,0,0,0,0,0,0,0,0,0,0,0,0,0,0,0,0,0,0,0,1,0,14,30,-0.5658930293620121
5158,14522,2020-12-09,2,period_13_30,A,3220146441,366466954,12,32587043,,0,Lê Thị Hà,unclassified,106.5982545,10.8866343,106.5982675,10.8865251,0,0,0,1,0,0,0,0,0,0,0,0,0,0,0,0,0,0,0,0,0,0,0,0,0,0,0,0,0,0,0,0,1,0,13,30,-0.5658930293620121
5159,14522,2020-12-10,3,period_14_00,A,3220146441,366466954,12,32587043,,0,Lê Thị Hà,unclassified,106.5982545,10.8866343,106.5982675,10.8865251,0,0,0,0,1,0,0,0,0,0,0,0,0,0,0,0,0,0,0,0,0,0,0,0,0,0,0,0,0,0,0,0,1,0,14,0,-0.5658930293620121
5160,14522,2020-12-10,3,period_14_30,A,3220146441,366466954,12,32587043,,0,Lê Thị Hà,unclassified,106.5982545,10.8866343,106.5982675,10.8865251,0,0,0,0,1,0,0,0,0,0,0,0,0,0,0,0,0,0,0,0,0,0,0,0,0,0,0,0,0,0,0,0,1,0,14,30,-0.5658930293620121
5161,14522,2020-12-10,3,period_15_00,B,3220146441,366466954,12,32587043,,0,Lê Thị Hà,unclassified,106.5982545,10.8866343,106.5982675,10.8865251,1,0,0,0,1,0,0,0,0,0,0,0,0,0,0,0,0,0,0,0,0,0,0,0,0,0,0,0,0,0,0,0,1,0,15,0,-0.5658930293620121
5162,14522,2020-12-12,5,period_4_00,B,3220146441,366466954,12,32587043,,0,Lê Thị Hà,unclassified,106.5982545,10.8866343,106.5982675,10.8865251,1,0,0,0,0,0,1,0,0,0,0,0,0,0,0,0,0,0,0,0,0,0,0,0,0,0,0,0,0,0,0,0,1,0,4,0,-0.5658930293620121
5163,14522,2020-12-12,5,period_4_30,B,3220146441,366466954,12,32587043,,0,Lê Thị Hà,unclassified,106.5982545,10.8866343,106.5982675,10.8865251,1,0,0,0,0,0,1,0,0,0,0,0,0,0,0,0,0,0,0,0,0,0,0,0,0,0,0,0,0,0,0,0,1,0,4,30,-0.5658930293620121
5164,14522,2020-12-12,5,period_5_30,B,3220146441,366466954,12,32587043,,0,Lê Thị Hà,unclassified,106.5982545,10.8866343,106.5982675,10.8865251,1,0,0,0,0,0,1,0,0,0,0,0,0,0,0,0,0,0,0,0,0,0,0,0,0,0,0,0,0,0,0,0,1,0,5,30,-0.5658930293620121
5165,14522,2020-12-12,5,period_6_00,A,3220146441,366466954,12,32587043,,0,Lê Thị Hà,unclassified,106.5982545,10.8866343,106.5982675,10.8865251,0,0,0,0,0,0,1,0,0,0,0,0,0,0,0,0,0,0,0,0,0,0,0,0,0,0,0,0,0,0,0,0,1,0,6,0,-0.5658930293620121
5166,14522,2020-12-12,5,period_6_30,A,3220146441,366466954,12,32587043,,0,Lê Thị Hà,unclassified,106.5982545,10.8866343,106.5982675,10.8865251,0,0,0,0,0,0,1,0,0,0,0,0,0,0,0,0,0,0,0,0,0,0,0,0,0,0,0,0,0,0,0,0,1,0,6,30,-0.5658930293620121
5167,14522,2020-12-12,5,period_7_00,A,3220146441,366466954,12,32587043,,0,Lê Thị Hà,unclassified,106.5982545,10.8866343,106.5982675,10.8865251,0,0,0,0,0,0,1,0,0,0,0,0,0,0,0,0,0,0,0,0,0,0,0,0,0,0,0,0,0,0,0,0,1,0,7,0,-0.5658930293620121
5168,14522,2020-12-12,5,period_7_30,A,3220146441,366466954,12,32587043,,0,Lê Thị Hà,unclassified,106.5982545,10.8866343,106.5982675,10.8865251,0,0,0,0,0,0,1,0,0,0,0,0,0,0,0,0,0,0,0,0,0,0,0,0,0,0,0,0,0,0,0,0,1,0,7,30,-0.5658930293620121
5169,14522,2020-12-12,5,period_8_30,A,3220146441,366466954,12,32587043,,0,Lê Thị Hà,unclassified,106.5982545,10.8866343,106.5982675,10.8865251,0,0,0,0,0,0,1,0,0,0,0,0,0,0,0,0,0,0,0,0,0,0,0,0,0,0,0,0,0,0,0,0,1,0,8,30,-0.5658930293620121
5170,14522,2020-12-13,6,period_10_00,B,3220146441,366466954,12,32587043,,0,Lê Thị Hà,unclassified,106.5982545,10.8866343,106.5982675,10.8865251,1,0,0,0,0,0,0,1,0,0,0,0,0,0,0,0,0,0,0,0,0,0,0,0,0,0,0,0,0,0,0,0,1,0,10,0,-0.5658930293620121
5171,14522,2020-12-13,6,period_10_30,A,3220146441,366466954,12,32587043,,0,Lê Thị Hà,unclassified,106.5982545,10.8866343,106.5982675,10.8865251,0,0,0,0,0,0,0,1,0,0,0,0,0,0,0,0,0,0,0,0,0,0,0,0,0,0,0,0,0,0,0,0,1,0,10,30,-0.5658930293620121
5172,14522,2020-12-13,6,period_12_00,B,3220146441,366466954,12,32587043,,0,Lê Thị Hà,unclassified,106.5982545,10.8866343,106.5982675,10.8865251,1,0,0,0,0,0,0,1,0,0,0,0,0,0,0,0,0,0,0,0,0,0,0,0,0,0,0,0,0,0,0,0,1,0,12,0,-0.5658930293620121
5173,14522,2020-12-13,6,period_13_30,B,3220146441,366466954,12,32587043,,0,Lê Thị Hà,unclassified,106.5982545,10.8866343,106.5982675,10.8865251,1,0,0,0,0,0,0,1,0,0,0,0,0,0,0,0,0,0,0,0,0,0,0,0,0,0,0,0,0,0,0,0,1,0,13,30,-0.5658930293620121
18675,47407,2020-08-02,6,period_23_30,B,4074719908,4074720677,16,304359231,,0,Đường Lý Thường Kiệt,tertiary,106.6607195,10.7736178,106.6608526,10.7736896,1,0,0,0,0,0,0,1,0,0,0,0,0,0,0,0,0,0,0,0,0,0,0,0,0,0,0,0,1,0,0,0,0,0,23,30,-0.4899802134516762
18676,47407,2020-08-03,0,period_0_00,C,4074719908,4074720677,16,304359231,,0,Đường Lý Thường Kiệt,tertiary,106.6607195,10.7736178,106.6608526,10.7736896,2,1,0,0,0,0,0,0,0,0,0,0,0,0,0,0,0,0,0,0,0,0,0,0,0,0,0,0,1,0,0,0,0,0,0,0,-0.4899802134516762
18677,47407,2020-08-10,0,period_2_00,F,4074719908,4074720677,16,304359231,,0,Đường Lý Thường Kiệt,tertiary,106.6607195,10.7736178,106.6608526,10.7736896,5,1,0,0,0,0,0,0,0,0,0,0,0,0,0,0,0,0,0,0,0,0,0,0,0,0,0,0,1,0,0,0,0,0,2,0,-0.4899802134516762
18678,47407,2020-08-10,0,period_2_30,F,4074719908,4074720677,16,304359231,,0,Đường Lý Thường Kiệt,tertiary,106.6607195,10.7736178,106.6608526,10.7736896,5,1,0,0,0,0,0,0,0,0,0,0,0,0,0,0,0,0,0,0,0,0,0,0,0,0,0,0,1,0,0,0,0,0,2,30,-0.4899802134516762
18679,47407,2020-08-10,0,period_3_00,F,4074719908,4074720677,16,304359231,,0,Đường Lý Thường Kiệt,tertiary,106.6607195,10.7736178,106.6608526,10.7736896,5,1,0,0,0,0,0,0,0,0,0,0,0,0,0,0,0,0,0,0,0,0,0,0,0,0,0,0,1,0,0,0,0,0,3,0,-0.4899802134516762
18680,47407,2020-11-26,3,period_1_00,F,4074719908,4074720677,16,304359231,,0,Đường Lý Thường Kiệt,tertiary,106.6607195,10.7736178,106.6608526,10.7736896,5,0,0,0,1,0,0,0,0,0,0,0,0,0,0,0,0,0,0,0,0,0,0,0,0,0,0,0,1,0,0,0,0,0,1,0,-0.4899802134516762
18681,47407,2020-11-26,3,period_1_30,F,4074719908,4074720677,16,304359231,,0,Đường Lý Thường Kiệt,tertiary,106.6607195,10.7736178,106.6608526,10.7736896,5,0,0,0,1,0,0,0,0,0,0,0,0,0,0,0,0,0,0,0,0,0,0,0,0,0,0,0,1,0,0,0,0,0,1,30,-0.4899802134516762
18682,47407,2020-11-26,3,period_2_00,F,4074719908,4074720677,16,304359231,,0,Đường Lý Thường Kiệt,tertiary,106.6607195,10.7736178,106.6608526,10.7736896,5,0,0,0,1,0,0,0,0,0,0,0,0,0,0,0,0,0,0,0,0,0,0,0,0,0,0,0,1,0,0,0,0,0,2,0,-0.4899802134516762
18683,47407,2020-11-26,3,period_2_30,F,4074719908,4074720677,16,304359231,,0,Đường Lý Thường Kiệt,tertiary,106.6607195,10.7736178,106.6608526,10.7736896,5,0,0,0,1,0,0,0,0,0,0,0,0,0,0,0,0,0,0,0,0,0,0,0,0,0,0,0,1,0,0,0,0,0,2,30,-0.4899802134516762
18684,47407,2020-11-26,3,period_3_00,F,4074719908,4074720677,16,304359231,,0,Đường Lý Thường Kiệt,tertiary,106.6607195,10.7736178,106.6608526,10.7736896,5,0,0,0,1,0,0,0,0,0,0,0,0,0,0,0,0,0,0,0,0,0,0,0,0,0,0,0,1,0,0,0,0,0,3,0,-0.4899802134516762
18685,47407,2020-12-01,1,period_13_00,F,4074719908,4074720677,16,304359231,,0,Đường Lý Thường Kiệt,tertiary,106.6607195,10.7736178,106.6608526,10.7736896,5,0,1,0,0,0,0,0,0,0,0,0,0,0,0,0,0,0,0,0,0,0,0,0,0,0,0,0,1,0,0,0,0,0,13,0,-0.4899802134516762
18686,47407,2020-12-02,2,period_10_00,F,4074719908,4074720677,16,304359231,,0,Đường Lý Thường Kiệt,tertiary,106.6607195,10.7736178,106.6608526,10.7736896,5,0,0,1,0,0,0,0,0,0,0,0,0,0,0,0,0,0,0,0,0,0,0,0,0,0,0,0,1,0,0,0,0,0,10,0,-0.4899802134516762
18687,47407,2020-12-02,2,period_10_30,F,4074719908,4074720677,16,304359231,,0,Đường Lý Thường Kiệt,tertiary,106.6607195,10.7736178,106.6608526,10.7736896,5,0,0,1,0,0,0,0,0,0,0,0,0,0,0,0,0,0,0,0,0,0,0,0,0,0,0,0,1,0,0,0,0,0,10,30,-0.4899802134516762
18688,47407,2020-12-02,2,period_11_00,F,4074719908,4074720677,16,304359231,,0,Đường Lý Thường Kiệt,tertiary,106.6607195,10.7736178,106.6608526,10.7736896,5,0,0,1,0,0,0,0,0,0,0,0,0,0,0,0,0,0,0,0,0,0,0,0,0,0,0,0,1,0,0,0,0,0,11,0,-0.4899802134516762
18689,47407,2020-12-02,2,period_11_30,F,4074719908,4074720677,16,304359231,,0,Đường Lý Thường Kiệt,tertiary,106.6607195,10.7736178,106.6608526,10.7736896,5,0,0,1,0,0,0,0,0,0,0,0,0,0,0,0,0,0,0,0,0,0,0,0,0,0,0,0,1,0,0,0,0,0,11,30,-0.4899802134516762
18690,47407,2020-12-02,2,period_3_00,F,4074719908,4074720677,16,304359231,,0,Đường Lý Thường Kiệt,tertiary,106.6607195,10.7736178,106.6608526,10.7736896,5,0,0,1,0,0,0,0,0,0,0,0,0,0,0,0,0,0,0,0,0,0,0,0,0,0,0,0,1,0,0,0,0,0,3,0,-0.4899802134516762
18691,47407,2020-12-02,2,period_5_00,F,4074719908,4074720677,16,304359231,,0,Đường Lý Thường Kiệt,tertiary,106.6607195,10.7736178,106.6608526,10.7736896,5,0,0,1,0,0,0,0,0,0,0,0,0,0,0,0,0,0,0,0,0,0,0,0,0,0,0,0,1,0,0,0,0,0,5,0,-0.4899802134516762
18692,47407,2020-12-02,2,period_8_00,F,4074719908,4074720677,16,304359231,,0,Đường Lý Thường Kiệt,tertiary,106.6607195,10.7736178,106.6608526,10.7736896,5,0,0,1,0,0,0,0,0,0,0,0,0,0,0,0,0,0,0,0,0,0,0,0,0,0,0,0,1,0,0,0,0,0,8,0,-0.4899802134516762
18693,47407,2020-12-02,2,period_8_30,F,4074719908,4074720677,16,304359231,,0,Đường Lý Thường Kiệt,tertiary,106.6607195,10.7736178,106.6608526,10.7736896,5,0,0,1,0,0,0,0,0,0,0,0,0,0,0,0,0,0,0,0,0,0,0,0,0,0,0,0,1,0,0,0,0,0,8,30,-0.4899802134516762
18694,47407,2020-12-02,2,period_9_00,F,4074719908,4074720677,16,304359231,,0,Đường Lý Thường Kiệt,tertiary,106.6607195,10.7736178,106.6608526,10.7736896,5,0,0,1,0,0,0,0,0,0,0,0,0,0,0,0,0,0,0,0,0,0,0,0,0,0,0,0,1,0,0,0,0,0,9,0,-0.4899802134516762
18695,47407,2020-12-02,2,period_9_30,F,4074719908,4074720677,16,304359231,,0,Đường Lý Thường Kiệt,tertiary,106.6607195,10.7736178,106.6608526,10.7736896,5,0,0,1,0,0,0,0,0,0,0,0,0,0,0,0,0,0,0,0,0,0,0,0,0,0,0,0,1,0,0,0,0,0,9,30,-0.4899802134516762
18696,47407,2020-12-03,3,period_1_00,F,4074719908,4074720677,16,304359231,,0,Đường Lý Thường Kiệt,tertiary,106.6607195,10.7736178,106.6608526,10.7736896,5,0,0,0,1,0,0,0,0,0,0,0,0,0,0,0,0,0,0,0,0,0,0,0,0,0,0,0,1,0,0,0,0,0,1,0,-0.4899802134516762
18697,47407,2020-12-03,3,period_1_30,F,4074719908,4074720677,16,304359231,,0,Đường Lý Thường Kiệt,tertiary,106.6607195,10.7736178,106.6608526,10.7736896,5,0,0,0,1,0,0,0,0,0,0,0,0,0,0,0,0,0,0,0,0,0,0,0,0,0,0,0,1,0,0,0,0,0,1,30,-0.4899802134516762
18698,47407,2020-12-03,3,period_2_00,F,4074719908,4074720677,16,304359231,,0,Đường Lý Thường Kiệt,tertiary,106.6607195,10.7736178,106.6608526,10.7736896,5,0,0,0,1,0,0,0,0,0,0,0,0,0,0,0,0,0,0,0,0,0,0,0,0,0,0,0,1,0,0,0,0,0,2,0,-0.4899802134516762
18699,47407,2020-12-03,3,period_2_30,F,4074719908,4074720677,16,304359231,,0,Đường Lý Thường Kiệt,tertiary,106.6607195,10.7736178,106.6608526,10.7736896,5,0,0,0,1,0,0,0,0,0,0,0,0,0,0,0,0,0,0,0,0,0,0,0,0,0,0,0,1,0,0,0,0,0,2,30,-0.4899802134516762
18700,47407,2020-12-03,3,period_3_00,F,4074719908,4074720677,16,304359231,,0,Đường Lý Thường Kiệt,tertiary,106.6607195,10.7736178,106.6608526,10.7736896,5,0,0,0,1,0,0,0,0,0,0,0,0,0,0,0,0,0,0,0,0,0,0,0,0,0,0,0,1,0,0,0,0,0,3,0,-0.4899802134516762
18701,47407,2020-12-03,3,period_3_30,F,4074719908,4074720677,16,304359231,,0,Đường Lý Thường Kiệt,tertiary,106.6607195,10.7736178,106.6608526,10.7736896,5,0,0,0,1,0,0,0,0,0,0,0,0,0,0,0,0,0,0,0,0,0,0,0,0,0,0,0,1,0,0,0,0,0,3,30,-0.4899802134516762
18702,47407,2020-12-03,3,period_4_00,F,4074719908,4074720677,16,304359231,,0,Đường Lý Thường Kiệt,tertiary,106.6607195,10.7736178,106.6608526,10.7736896,5,0,0,0,1,0,0,0,0,0,0,0,0,0,0,0,0,0,0,0,0,0,0,0,0,0,0,0,1,0,0,0,0,0,4,0,-0.4899802134516762
18703,47407,2020-12-03,3,period_4_30,F,4074719908,4074720677,16,304359231,,0,Đường Lý Thường Kiệt,tertiary,106.6607195,10.7736178,106.6608526,10.7736896,5,0,0,0,1,0,0,0,0,0,0,0,0,0,0,0,0,0,0,0,0,0,0,0,0,0,0,0,1,0,0,0,0,0,4,30,-0.4899802134516762
18704,47407,2020-12-10,3,period_0_30,F,4074719908,4074720677,16,304359231,,0,Đường Lý Thường Kiệt,tertiary,106.6607195,10.7736178,106.6608526,10.7736896,5,0,0,0,1,0,0,0,0,0,0,0,0,0,0,0,0,0,0,0,0,0,0,0,0,0,0,0,1,0,0,0,0,0,0,30,-0.4899802134516762
18705,47407,2020-12-10,3,period_1_00,F,4074719908,4074720677,16,304359231,,0,Đường Lý Thường Kiệt,tertiary,106.6607195,10.7736178,106.6608526,10.7736896,5,0,0,0,1,0,0,0,0,0,0,0,0,0,0,0,0,0,0,0,0,0,0,0,0,0,0,0,1,0,0,0,0,0,1,0,-0.4899802134516762
18706,47407,2020-12-10,3,period_3_00,F,4074719908,4074720677,16,304359231,,0,Đường Lý Thường Kiệt,tertiary,106.6607195,10.7736178,106.6608526,10.7736896,5,0,0,0,1,0,0,0,0,0,0,0,0,0,0,0,0,0,0,0,0,0,0,0,0,0,0,0,1,0,0,0,0,0,3,0,-0.4899802134516762
18707,47407,2020-12-10,3,period_3_30,F,4074719908,4074720677,16,304359231,,0,Đường Lý Thường Kiệt,tertiary,106.6607195,10.7736178,106.6608526,10.7736896,5,0,0,0,1,0,0,0,0,0,0,0,0,0,0,0,0,0,0,0,0,0,0,0,0,0,0,0,1,0,0,0,0,0,3,30,-0.4899802134516762
18708,47407,2020-12-17,3,period_7_30,F,4074719908,4074720677,16,304359231,,0,Đường Lý Thường Kiệt,tertiary,106.6607195,10.7736178,106.6608526,10.7736896,5,0,0,0,1,0,0,0,0,0,0,0,0,0,0,0,0,0,0,0,0,0,0,0,0,0,0,0,1,0,0,0,0,0,7,30,-0.4899802134516762
18709,47407,2020-12-24,3,period_0_30,F,4074719908,4074720677,16,304359231,,0,Đường Lý Thường Kiệt,tertiary,106.6607195,10.7736178,106.6608526,10.7736896,5,0,0,0,1,0,0,0,0,0,0,0,0,0,0,0,0,0,0,0,0,0,0,0,0,0,0,0,1,0,0,0,0,0,0,30,-0.4899802134516762
18710,47407,2020-12-24,3,period_1_00,F,4074719908,4074720677,16,304359231,,0,Đường Lý Thường Kiệt,tertiary,106.6607195,10.7736178,106.6608526,10.7736896,5,0,0,0,1,0,0,0,0,0,0,0,0,0,0,0,0,0,0,0,0,0,0,0,0,0,0,0,1,0,0,0,0,0,1,0,-0.4899802134516762
18711,47407,2020-12-24,3,period_1_30,F,4074719908,4074720677,16,304359231,,0,Đường Lý Thường Kiệt,tertiary,106.6607195,10.7736178,106.6608526,10.7736896,5,0,0,0,1,0,0,0,0,0,0,0,0,0,0,0,0,0,0,0,0,0,0,0,0,0,0,0,1,0,0,0,0,0,1,30,-0.4899802134516762
18712,47407,2020-12-24,3,period_2_00,F,4074719908,4074720677,16,304359231,,0,Đường Lý Thường Kiệt,tertiary,106.6607195,10.7736178,106.6608526,10.7736896,5,0,0,0,1,0,0,0,0,0,0,0,0,0,0,0,0,0,0,0,0,0,0,0,0,0,0,0,1,0,0,0,0,0,2,0,-0.4899802134516762
18713,47407,2020-12-24,3,period_2_30,F,4074719908,4074720677,16,304359231,,0,Đường Lý Thường Kiệt,tertiary,106.6607195,10.7736178,106.6608526,10.7736896,5,0,0,0,1,0,0,0,0,0,0,0,0,0,0,0,0,0,0,0,0,0,0,0,0,0,0,0,1,0,0,0,0,0,2,30,-0.4899802134516762
18714,47407,2020-12-24,3,period_3_00,F,4074719908,4074720677,16,304359231,,0,Đường Lý Thường Kiệt,tertiary,106.6607195,10.7736178,106.6608526,10.7736896,5,0,0,0,1,0,0,0,0,0,0,0,0,0,0,0,0,0,0,0,0,0,0,0,0,0,0,0,1,0,0,0,0,0,3,0,-0.4899802134516762
18715,47407,2020-12-24,3,period_5_30,F,4074719908,4074720677,16,304359231,,0,Đường Lý Thường Kiệt,tertiary,106.6607195,10.7736178,106.6608526,10.7736896,5,0,0,0,1,0,0,0,0,0,0,0,0,0,0,0,0,0,0,0,0,0,0,0,0,0,0,0,1,0,0,0,0,0,5,30,-0.4899802134516762
18716,47407,2020-12-24,3,period_6_00,F,4074719908,4074720677,16,304359231,,0,Đường Lý Thường Kiệt,tertiary,106.6607195,10.7736178,106.6608526,10.7736896,5,0,0,0,1,0,0,0,0,0,0,0,0,0,0,0,0,0,0,0,0,0,0,0,0,0,0,0,1,0,0,0,0,0,6,0,-0.4899802134516762
18717,47407,2020-12-24,3,period_7_30,F,4074719908,4074720677,16,304359231,,0,Đường Lý Thường Kiệt,tertiary,106.6607195,10.7736178,106.6608526,10.7736896,5,0,0,0,1,0,0,0,0,0,0,0,0,0,0,0,0,0,0,0,0,0,0,0,0,0,0,0,1,0,0,0,0,0,7,30,-0.4899802134516762
18718,47407,2021-01-05,1,period_1_30,F,4074719908,4074720677,16,304359231,,0,Đường Lý Thường Kiệt,tertiary,106.6607195,10.7736178,106.6608526,10.7736896,5,0,1,0,0,0,0,0,0,0,0,0,0,0,0,0,0,0,0,0,0,0,0,0,0,0,0,0,1,0,0,0,0,0,1,30,-0.4899802134516762
18719,47407,2021-01-20,2,period_9_00,F,4074719908,4074720677,16,304359231,,0,Đường Lý Thường Kiệt,tertiary,106.6607195,10.7736178,106.6608526,10.7736896,5,0,0,1,0,0,0,0,0,0,0,0,0,0,0,0,0,0,0,0,0,0,0,0,0,0,0,0,1,0,0,0,0,0,9,0,-0.4899802134516762
18720,47407,2021-01-23,5,period_0_00,F,4074719908,4074720677,16,304359231,,0,Đường Lý Thường Kiệt,tertiary,106.6607195,10.7736178,106.6608526,10.7736896,5,0,0,0,0,0,1,0,0,0,0,0,0,0,0,0,0,0,0,0,0,0,0,0,0,0,0,0,1,0,0,0,0,0,0,0,-0.4899802134516762
18721,47407,2021-03-09,1,period_9_00,F,4074719908,4074720677,16,304359231,,0,Đường Lý Thường Kiệt,tertiary,106.6607195,10.7736178,106.6608526,10.7736896,5,0,1,0,0,0,0,0,0,0,0,0,0,0,0,0,0,0,0,0,0,0,0,0,0,0,0,0,1,0,0,0,0,0,9,0,-0.4899802134516762
18722,47407,2021-03-17,2,period_2_00,F,4074719908,4074720677,16,304359231,,0,Đường Lý Thường Kiệt,tertiary,106.6607195,10.7736178,106.6608526,10.7736896,5,0,0,1,0,0,0,0,0,0,0,0,0,0,0,0,0,0,0,0,0,0,0,0,0,0,0,0,1,0,0,0,0,0,2,0,-0.4899802134516762
18723,47407,2021-03-17,2,period_2_30,F,4074719908,4074720677,16,304359231,,0,Đường Lý Thường Kiệt,tertiary,106.6607195,10.7736178,106.6608526,10.7736896,5,0,0,1,0,0,0,0,0,0,0,0,0,0,0,0,0,0,0,0,0,0,0,0,0,0,0,0,1,0,0,0,0,0,2,30,-0.4899802134516762
18724,47407,2021-03-17,2,period_3_00,F,4074719908,4074720677,16,304359231,,0,Đường Lý Thường Kiệt,tertiary,106.6607195,10.7736178,106.6608526,10.7736896,5,0,0,1,0,0,0,0,0,0,0,0,0,0,0,0,0,0,0,0,0,0,0,0,0,0,0,0,1,0,0,0,0,0,3,0,-0.4899802134516762
18725,47407,2021-03-17,2,period_3_30,F,4074719908,4074720677,16,304359231,,0,Đường Lý Thường Kiệt,tertiary,106.6607195,10.7736178,106.6608526,10.7736896,5,0,0,1,0,0,0,0,0,0,0,0,0,0,0,0,0,0,0,0,0,0,0,0,0,0,0,0,1,0,0,0,0,0,3,30,-0.4899802134516762
18726,47407,2021-03-17,2,period_4_00,F,4074719908,4074720677,16,304359231,,0,Đường Lý Thường Kiệt,tertiary,106.6607195,10.7736178,106.6608526,10.7736896,5,0,0,1,0,0,0,0,0,0,0,0,0,0,0,0,0,0,0,0,0,0,0,0,0,0,0,0,1,0,0,0,0,0,4,0,-0.4899802134516762
18727,47407,2021-03-17,2,period_4_30,F,4074719908,4074720677,16,304359231,,0,Đường Lý Thường Kiệt,tertiary,106.6607195,10.7736178,106.6608526,10.7736896,5,0,0,1,0,0,0,0,0,0,0,0,0,0,0,0,0,0,0,0,0,0,0,0,0,0,0,0,1,0,0,0,0,0,4,30,-0.4899802134516762
18728,47407,2021-04-14,2,period_1_00,F,4074719908,4074720677,16,304359231,,0,Đường Lý Thường Kiệt,tertiary,106.6607195,10.7736178,106.6608526,10.7736896,5,0,0,1,0,0,0,0,0,0,0,0,0,0,0,0,0,0,0,0,0,0,0,0,0,0,0,0,1,0,0,0,0,0,1,0,-0.4899802134516762
